{
  "generated_at": "2026-02-22T12:15:06Z",
  "language": "en",
  "schema_version": 2,
  "slice_definition": {
    "boundaries_utc": {
      "early_max_inclusive": "2014-08-28T00:12:24Z",
      "middle_max_inclusive": "2017-08-03T12:18:49Z"
    },
    "method": "timestamp_terciles",
    "notes": "Sliced by terciles over sample timestamps within language."
  },
  "slices": {
    "early": {
      "counts": {
        "sample_count": 14956,
        "sentence_count": 35510,
        "token_count": 250926
      },
      "measures": {
        "all_caps_samples_per_1k_tokens": {
          "denom": "token_count",
          "raw": 9.154,
          "unit": "per_1k_tokens"
        },
        "exclamation_share_percent": {
          "denom": "sentence_count",
          "raw": 18.42,
          "unit": "percent"
        },
        "question_share_percent": {
          "denom": "sentence_count",
          "raw": 4.683,
          "unit": "percent"
        },
        "sentence_length_tokens_mean": {
          "denom": "sentence_count",
          "raw": 7.066,
          "unit": "tokens_per_sentence"
        }
      },
      "stability": "stable"
    },
    "middle": {
      "counts": {
        "sample_count": 14956,
        "sentence_count": 40121,
        "token_count": 253146
      },
      "measures": {
        "all_caps_samples_per_1k_tokens": {
          "denom": "token_count",
          "raw": 15.39,
          "unit": "per_1k_tokens"
        },
        "exclamation_share_percent": {
          "denom": "sentence_count",
          "raw": 22.716,
          "unit": "percent"
        },
        "question_share_percent": {
          "denom": "sentence_count",
          "raw": 2.281,
          "unit": "percent"
        },
        "sentence_length_tokens_mean": {
          "denom": "sentence_count",
          "raw": 6.31,
          "unit": "tokens_per_sentence"
        }
      },
      "stability": "stable"
    },
    "recent": {
      "counts": {
        "sample_count": 14955,
        "sentence_count": 48561,
        "token_count": 407953
      },
      "measures": {
        "all_caps_samples_per_1k_tokens": {
          "denom": "token_count",
          "raw": 13.524,
          "unit": "per_1k_tokens"
        },
        "exclamation_share_percent": {
          "denom": "sentence_count",
          "raw": 24.977,
          "unit": "percent"
        },
        "question_share_percent": {
          "denom": "sentence_count",
          "raw": 2.319,
          "unit": "percent"
        },
        "sentence_length_tokens_mean": {
          "denom": "sentence_count",
          "raw": 8.401,
          "unit": "tokens_per_sentence"
        }
      },
      "stability": "stable"
    }
  }
}
