{
  "counts": {
    "sample_count": 44867,
    "sentence_count": 124192,
    "token_count": 912025
  },
  "distributions": {
    "tokens_per_sample": {
      "bin_counts": [
        2868,
        4498,
        16941,
        13464,
        2006,
        5089,
        1,
        0,
        0,
        0
      ],
      "bin_edges": [
        0,
        5,
        10,
        20,
        30,
        40,
        60,
        80,
        120,
        200
      ],
      "notes": "Tweet-level length distribution.",
      "unit": "tokens"
    },
    "tokens_per_sentence": {
      "bin_counts": [
        54940,
        29137,
        19972,
        11450,
        5411,
        1883,
        1038,
        328,
        33,
        0,
        0,
        0,
        0
      ],
      "bin_edges": [
        0,
        5,
        10,
        15,
        20,
        25,
        30,
        40,
        50,
        60,
        80,
        100,
        150
      ],
      "notes": "Bins are [edge_i, edge_{i+1}) with last bin >= last_edge.",
      "unit": "tokens_per_sentence"
    }
  },
  "generated_at": "2026-02-22T12:15:06Z",
  "language": "en",
  "schema_version": 2
}
